アイコン,1285,1285,3634,名詞,一般,*,*,*,*,アイコン,アイコン,アイコン
レトロ,1287,1287,2976,名詞,形容動詞語幹,*,*,*,*,レトロ,レトロ,レトロ
コスプレ,1283,1283,4466,名詞,サ変接続,*,*,*,*,コスプレ,コスプレ,コスプレ
マリガン,1283,1283,4466,名詞,サ変接続,*,*,*,*,マリガン,マリガン,マリガン
ガンダム,1288,1288,0,名詞,固有名詞,一般,*,*,*,ガンダム,ガンダム,ガンダム
スマホ,1285,1285,3634,名詞,一般,*,*,*,*,スマホ,スマホ,スマホ
トイプードル,1285,1285,3634,名詞,一般,*,*,*,*,トイプードル,トイプードル,トイプードル
ストラップ,1285,1285,3634,名詞,一般,*,*,*,*,ストラップ,ストラップ,ストラップ
ランクマ,1283,1283,4466,名詞,サ変接続,*,*,*,*,ランクマ,ランクマ,ランクマ
ヤマセミ,1285,1285,3634,名詞,一般,*,*,*,*,ヤマセミ,ヤマセミ,ヤマセミ
スカイツリー,1293,1293,4726,名詞,固有名詞,地域,一般,*,*,スカイツリー,スカイツリー,スカイツリー
ビストロ,1285,1285,3634,名詞,一般,*,*,*,*,ビストロ,ビストロ,ビストロ
モンスト,1288,1288,3758,名詞,固有名詞,一般,*,*,*,モンスト,モンスト,モンスト
エンタメ,1285,1285,3634,名詞,一般,*,*,*,*,エンタメ,エンタメ,エンタメ
テンプレ,1285,1285,3634,名詞,一般,*,*,*,*,テンプレ,テンプレ,テンプレ
ブライス,1285,1285,3634,名詞,一般,*,*,*,*,ブライス,ブライス,ブライス
パチリ,1285,1285,3634,名詞,一般,*,*,*,*,パチリ,パチリ,パチリ
ミカエル,1291,1291,4601,名詞,固有名詞,人名,名,*,*,ミカエル,ミカエル,ミカエル
ユニクロ,1292,1292,3542,名詞,固有名詞,組織,*,*,*,ユニクロ,ユニクロ,ユニクロ
ガジェット,1285,1285,3634,名詞,一般,*,*,*,*,ガジェット,ガジェット,ガジェット
ドローン,1285,1285,3634,名詞,一般,*,*,*,*,ドローン,ドローン,ドローン
ピンボケ,1283,1283,4466,名詞,サ変接続,*,*,*,*,ピンボケ,ピンボケ,ピンボケ
ジャニーズ,1292,1292,3542,名詞,固有名詞,組織,*,*,*,ジャニーズ,ジャニーズ,ジャニーズ
クラウド,1285,1285,3634,名詞,一般,*,*,*,*,クラウド,クラウド,クラウド
ハロウィーン,1283,1283,4466,名詞,サ変接続,*,*,*,*,ハロウィーン,ハロウィーン,ハロウィーン
コスパ,1285,1285,3634,名詞,一般,*,*,*,*,コスパ,コスパ,コスパ
コンサル,1283,1283,4466,名詞,サ変接続,*,*,*,*,コンサル,コンサル,コンサル
エントランス,1285,1285,3634,名詞,一般,*,*,*,*,エントランス,エントランス,エントランス
タイムスリップ,1283,1283,4466,名詞,サ変接続,*,*,*,*,タイムスリップ,タイムスリップ,タイムスリップ
ナポリタン,1285,1285,3634,名詞,一般,*,*,*,*,ナポリタン,ナポリタン,ナポリタン
ラジコン,1283,1283,4466,名詞,サ変接続,*,*,*,*,ラジコン,ラジコン,ラジコン
ワンチャン,1285,1285,3634,名詞,一般,*,*,*,*,ワンチャン,ワンチャン,ワンチャン
アクセ,1283,1283,4466,名詞,サ変接続,*,*,*,*,アクセ,アクセ,アクセ
テンペスト,1288,1288,3758,名詞,固有名詞,一般,*,*,*,テンペスト,テンペスト,テンペスト
エミリア,1291,1291,4601,名詞,固有名詞,人名,名,*,*,エミリア,エミリア,エミリア
ガツン,1285,1285,3634,名詞,一般,*,*,*,*,ガツン,ガツン,ガツン
バタバタ,1283,1283,4466,名詞,サ変接続,*,*,*,*,バタバタ,バタバタ,バタバタ
エイサー,1292,1292,3542,名詞,固有名詞,組織,*,*,*,エイサー,エイサー,エイサー
ハチマキ,1285,1285,3634,名詞,一般,*,*,*,*,ハチマキ,ハチマキ,ハチマキ
ハイパー,1287,1287,2976,名詞,形容動詞語幹,*,*,*,*,ハイパー,ハイパー,ハイパー
レオパレス,1292,1292,3542,名詞,固有名詞,組織,*,*,*,レオパレス,レオパレス,レオパレス
パエリア,1285,1285,3634,名詞,一般,*,*,*,*,パエリア,パエリア,パエリア
セリア,1292,1292,3542,名詞,固有名詞,組織,*,*,*,セリア,セリア,セリア
ハスキー,1287,1287,2976,名詞,形容動詞語幹,*,*,*,*,ハスキー,ハスキー,ハスキー
シマリス,1285,1285,3634,名詞,一般,*,*,*,*,シマリス,シマリス,シマリス
アナベル,1291,1291,4601,名詞,固有名詞,人名,名,*,*,アナベル,アナベル,アナベル
イヤホン,1283,1283,4466,名詞,サ変接続,*,*,*,*,イヤホン,イヤホン,イヤホン
アリエル,1291,1291,4601,名詞,固有名詞,人名,名,*,*,アリエル,アリエル,アリエル
パンツァー,1285,1285,3634,名詞,一般,*,*,*,*,パンツァー,パンツァー,パンツァー
レジン,1285,1285,3634,名詞,一般,*,*,*,*,レジン,レジン,レジン
サブレ,1285,1285,3634,名詞,一般,*,*,*,*,サブレ,サブレ,サブレ
コブクロ,1291,1291,4601,名詞,固有名詞,人名,名,*,*,コブクロ,コブクロ,コブクロ
ヘッドフォン,1283,1283,4466,名詞,サ変接続,*,*,*,*,ヘッドフォン,ヘッドフォン,ヘッドフォン
ユニコーン,1285,1285,3634,名詞,一般,*,*,*,*,ユニコーン,ユニコーン,ユニコーン
コスプレイヤー,1283,1283,4466,名詞,サ変接続,*,*,*,*,コスプレイヤー,コスプレイヤー,コスプレイヤー
モヒカン,1285,1285,3634,名詞,一般,*,*,*,*,モヒカン,モヒカン,モヒカン
インバーター,1285,1285,3634,名詞,一般,*,*,*,*,インバーター,インバーター,インバーター
ピロシキ,1285,1285,3634,名詞,一般,*,*,*,*,ピロシキ,ピロシキ,ピロシキ
キッチリ,1283,1283,4466,名詞,サ変接続,*,*,*,*,キッチリ,キッチリ,キッチリ
インポート,1283,1283,4466,名詞,サ変接続,*,*,*,*,インポート,インポート,インポート
ミスる,772,772,5653,動詞,自立,*,*,五段・ラ行,基本形,ミスる,ミスル,ミスル
ミスら,780,780,5450,動詞,自立,*,*,五段・ラ行,未然形,ミスる,ミスラ,ミスラ
ミスん,782,782,5468,動詞,自立,*,*,五段・ラ行,未然特殊,ミスる,ミスン,ミスン
ミスろ,778,778,5435,動詞,自立,*,*,五段・ラ行,未然ウ接続,ミスる,ミスロ,ミスロ
ミスり,788,788,5322,動詞,自立,*,*,五段・ラ行,連用形,ミスる,ミスリ,ミスリ
ミスっ,786,786,5456,動詞,自立,*,*,五段・ラ行,連用タ接続,ミスる,ミスッ,ミスッ
ミスれ,768,768,5396,動詞,自立,*,*,五段・ラ行,仮定形,ミスる,ミスレ,ミスレ
ミスれ,784,784,5396,動詞,自立,*,*,五段・ラ行,命令ｅ,ミスる,ミスレ,ミスレ
ミスりゃ,770,770,5435,動詞,自立,*,*,五段・ラ行,仮定縮約１,ミスる,ミスリャ,ミスリャ
ミスん,774,774,5468,動詞,自立,*,*,五段・ラ行,体言接続特殊,ミスる,ミスン,ミスン
ミス,776,776,7106,動詞,自立,*,*,五段・ラ行,体言接続特殊２,ミスる,ミス,ミス
ハロプロ,1292,1292,3542,名詞,固有名詞,組織,*,*,*,ハロプロ,ハロプロ,ハロプロ
クマノミ,1285,1285,3634,名詞,一般,*,*,*,*,クマノミ,クマノミ,クマノミ
クロネコ,1292,1292,3542,名詞,固有名詞,組織,*,*,*,クロネコ,クロネコ,クロネコ
スカイマーク,1292,1292,3542,名詞,固有名詞,組織,*,*,*,スカイマーク,スカイマーク,スカイマーク
バスタブ,1285,1285,3634,名詞,一般,*,*,*,*,バスタブ,バスタブ,バスタブ
パクリ,1285,1285,3634,名詞,一般,*,*,*,*,パクリ,パクリ,パクリ
ペインター,1285,1285,3634,名詞,一般,*,*,*,*,ペインター,ペインター,ペインター
アロンソ,1291,1291,4601,名詞,固有名詞,人名,名,*,*,アロンソ,アロンソ,アロンソ
グレイス,1291,1291,4601,名詞,固有名詞,人名,名,*,*,グレイス,グレイス,グレイス
ディスカード,1283,1283,4466,名詞,サ変接続,*,*,*,*,ディスカード,ディスカード,ディスカード
ベントレー,1288,1288,3758,名詞,固有名詞,一般,*,*,*,ベントレー,ベントレー,ベントレー
ロックマン,1288,1288,3758,名詞,固有名詞,一般,*,*,*,ロックマン,ロックマン,ロックマン
ポカリ,1288,1288,3758,名詞,固有名詞,一般,*,*,*,ポカリ,ポカリ,ポカリ
タコライス,1285,1285,3634,名詞,一般,*,*,*,*,タコライス,タコライス,タコライス
ハイエース,1288,1288,3758,名詞,固有名詞,一般,*,*,*,ハイエース,ハイエース,ハイエース
ミノルカ,1292,1292,3542,名詞,固有名詞,組織,*,*,*,ミノルカ,ミノルカ,ミノルカ
クレイドル,1285,1285,3634,名詞,一般,*,*,*,*,クレイドル,クレイドル,クレイドル
ハラミ,1285,1285,3634,名詞,一般,*,*,*,*,ハラミ,ハラミ,ハラミ
レンジャー,1285,1285,3634,名詞,一般,*,*,*,*,レンジャー,レンジャー,レンジャー
ジャンキー,1285,1285,3634,名詞,一般,*,*,*,*,ジャンキー,ジャンキー,ジャンキー
インプラント,1283,1283,4466,名詞,サ変接続,*,*,*,*,インプラント,インプラント,インプラント
コルベット,1292,1292,3542,名詞,固有名詞,組織,*,*,*,コルベット,コルベット,コルベット
スフレ,1285,1285,3634,名詞,一般,*,*,*,*,スフレ,スフレ,スフレ
イントロ,1285,1285,3634,名詞,一般,*,*,*,*,イントロ,イントロ,イントロ
ストロング,1287,1287,2976,名詞,形容動詞語幹,*,*,*,*,ストロング,ストロング,ストロング
ブリティッシュ,1287,1287,2976,名詞,形容動詞語幹,*,*,*,*,ブリティッシュ,ブリティッシュ,ブリティッシュ
クマゲラ,1285,1285,3634,名詞,一般,*,*,*,*,クマゲラ,クマゲラ,クマゲラ
ポパイ,1288,1288,3758,名詞,固有名詞,一般,*,*,*,ポパイ,ポパイ,ポパイ
モスバーガー,1292,1292,3542,名詞,固有名詞,組織,*,*,*,モスバーガー,モスバーガー,モスバーガー
ブラボー,1287,1287,2976,名詞,形容動詞語幹,*,*,*,*,ブラボー,ブラボー,ブラボー
令和,1288,1288,5904,名詞,固有名詞,一般,*,*,*,令和,レイワ,レーワ
鬼滅の刃,1288,1288,3765,名詞,固有名詞,一般,*,*,*,鬼滅の刃,キメツノヤイバ,キメツノヤイバ
ブラウザ,1285,1285,3657,名詞,一般,*,*,*,*,ブラウザ,ブラウザ,ブラウザ
協働,1283,1283,3423,名詞,サ変接続,*,*,*,*,共同,キョウドウ,キョードー
リピート,1283,1283,4385,名詞,サ変接続,*,*,*,*,リピート,リピート,リピート
ブリリア,1285,1285,3634,名詞,一般,*,*,*,*,ブリリア,ブリリア,ブリリア
鍼灸,1285,1285,5596,名詞,一般,*,*,*,*,鍼灸,シンキュウ,シンキュー
アプリ,1285,1285,3634,名詞,一般,*,*,*,*,アプリ,アプリ,アプリ
ウェブサイト,1285,1285,3634,名詞,一般,*,*,*,*,ウェブサイト,ウェブサイト,ウェブサイト
ブログ,1285,1285,3634,名詞,一般,*,*,*,*,ブログ,ブログ,ブログ
ソリューション,1285,1285,3634,名詞,一般,*,*,*,*,ブログ,ブログ,ブログ
サブスクリプション,1283,1283,4466,名詞,サ変接続,*,*,*,*,サブスクリプション,サブスクリプション,サブスクリプション
クライアント,1285,1285,3634,名詞,一般,*,*,*,*,クライアント,クライアント,クライアント
オミクロン,1285,1285,3634,名詞,一般,*,*,*,*,オミクロン,オミクロン,オミクロン
バーボン,1285,1285,3639,名詞,一般,*,*,*,*,バーボン,バーボン,バーボン
テレワーク,1283,1283,4466,名詞,サ変接続,*,*,*,*,テレワーク,テレワーク,テレワーク
クリエイト,1283,1283,4466,名詞,サ変接続,*,*,*,*,クリエイト,クリエイト,クリエイト
インサイト,1285,1285,3639,名詞,一般,*,*,*,*,インサイト,インサイト,インサイト
メタリック,1287,1287,2976,名詞,形容動詞語幹,*,*,*,*,メタリック,メタリック,メタリック
簡体,1285,1285,5622,名詞,一般,*,*,*,*,簡体,カンタイ,カンタイ
繁体,1285,1285,5622,名詞,一般,*,*,*,*,繁体,ハンタイ,ハンタイ
繁體,1285,1285,5622,名詞,一般,*,*,*,*,繁體,ハンタイ,ハンタイ
シゴト,1283,1283,4466,名詞,サ変接続,*,*,*,*,シゴト,シゴト,シゴト
フットサル,1283,1283,4466,名詞,サ変接続,*,*,*,*,フットサル,フットサル,フットサル
ドッグフード,1285,1285,8196,名詞,一般,*,*,*,*,ドッグフード,ドッグフード,ドッグフード
コラボ,1283,1283,4466,名詞,サ変接続,*,*,*,*,コラボ,コラボ,コラボ
キャッシング,1283,1283,4466,名詞,サ変接続,*,*,*,*,キャッシング,キャッシング,キャッシング
ススメ,1283,1283,4466,名詞,サ変接続,*,*,*,*,ススメ,ススメ,ススメ
チカラ,1285,1285,3639,名詞,一般,*,*,*,*,チカラ,チカラ,チカラ
イイトコ,1285,1285,3639,名詞,一般,*,*,*,*,イイトコ,イイトコ,イイトコ
バナー,1285,1285,3639,名詞,一般,*,*,*,*,バナー,バナー,バナー
サステナビリティ,1285,1285,3639,名詞,一般,*,*,*,*,サステナビリティ,サステナビリティ,サステナビリティ
スイーツ,1285,1285,3639,名詞,一般,*,*,*,*,スイーツ,スイーツ,スイーツ
ポータル,1285,1285,3639,名詞,一般,*,*,*,*,ポータル,ポータル,ポータル
カタチ,1285,1285,3639,名詞,一般,*,*,*,*,カタチ,カタチ,カタチ
ウィジェット,1285,1285,3639,名詞,一般,*,*,*,*,ウィジェット,ウィジェット,ウィジェット
ムーブメント,1285,1285,3639,名詞,一般,*,*,*,*,ムーブメント,ムーブメント,ムーブメント
スプレッドシート,1285,1285,3639,名詞,一般,*,*,*,*,スプレッドシート,スプレッドシート,スプレッドシート
パラスポーツ,1283,1283,4466,名詞,サ変接続,*,*,*,*,パラスポーツ,パラスポーツ,パラスポーツ
アスリート,1285,1285,3639,名詞,一般,*,*,*,*,アスリート,アスリート,アスリート
サンライズ,1285,1285,3639,名詞,一般,*,*,*,*,サンライズ,サンライズ,サンライズ
ゲット,1283,1283,4466,名詞,サ変接続,*,*,*,*,ゲット,ゲット,ゲット
キッズ,1285,1285,3639,名詞,一般,*,*,*,*,キッズ,キッズ,キッズ
アナグラム,1285,1285,3639,名詞,一般,*,*,*,*,アナグラム,アナグラム,アナグラム
クラスター,1285,1285,3639,名詞,一般,*,*,*,*,クラスター,クラスター,クラスター
クラスタ,1285,1285,3639,名詞,一般,*,*,*,*,クラスタ,クラスタ,クラスタ
イチオシ,1283,1283,4466,名詞,サ変接続,*,*,*,*,イチオシ,イチオシ,イチオシ
ファーレン,1292,1292,5122,名詞,固有名詞,組織,*,*,*,ファーレン,ファーレン,ファーレン
アドミッション,1283,1283,4466,名詞,サ変接続,*,*,*,*,アドミッション,アドミッション,アドミッション
ミライ,1285,1285,3639,名詞,一般,*,*,*,*,ミライ,ミライ,ミライ
トヨペット,1292,1292,5122,名詞,固有名詞,組織,*,*,*,トヨペット,トヨペット,トヨペット
トリセツ,1285,1285,3639,名詞,一般,*,*,*,*,トリセツ,トリセツ,トリセツ
スカパー,1292,1292,5122,名詞,固有名詞,組織,*,*,*,スカパー,スカパー,スカパー
ファイナンシャル,1285,1285,3639,名詞,一般,*,*,*,*,ファイナンシャル,ファイナンシャル,ファイナンシャル
フィナンシャル,1285,1285,3639,名詞,一般,*,*,*,*,フィナンシャル,フィナンシャル,フィナンシャル
インクルージョン,1285,1285,3639,名詞,一般,*,*,*,*,インクルージョン,インクルージョン,インクルージョン
マイスター,1285,1285,3639,名詞,一般,*,*,*,*,マイスター,マイスター,マイスター
マイカー,1285,1285,3639,名詞,一般,*,*,*,*,マイカー,マイカー,マイカー
インプレス,1285,1285,3639,名詞,一般,*,*,*,*,インプレス,インプレス,インプレス
インバウンド,1285,1285,3639,名詞,一般,*,*,*,*,インバウンド,インバウンド,インバウンド
テレボート,1283,1283,4466,名詞,サ変接続,*,*,*,*,テレボート,テレボート,テレボート
マテリアリティ,1285,1285,3639,名詞,一般,*,*,*,*,マテリアリティ,マテリアリティ,マテリアリティ
ブランディング,1283,1283,4466,名詞,サ変接続,*,*,*,*,ブランディング,ブランディング,ブランディング
就活,1283,1283,4466,名詞,サ変接続,*,*,*,*,就活,シュウカツ,シューカツ
燦葉,1285,1285,3639,名詞,一般,*,*,*,*,燦葉,サンヨウ,サンヨー
竹乃屋,1292,1292,5122,名詞,固有名詞,組織,*,*,*,竹乃屋,タケノヤ,タケノヤ
広聴,1283,1283,4466,名詞,サ変接続,*,*,*,*,広聴,コウチョウ,コーチョー
ストレッチング,1283,1283,4466,名詞,サ変接続,*,*,*,*,ストレッチング,ストレッチング,ストレッチング
モチベーション,1285,1285,3639,名詞,一般,*,*,*,*,モチベーション,モチベーション,モチベーション
クオリティ,1285,1285,3639,名詞,一般,*,*,*,*,クオリティ,クオリティ,クオリティ
サロンパス,1288,1288,3727,名詞,固有名詞,一般,*,*,*,サロンパス,サロンパス,サロンパス
サプライズ,1285,1285,3639,名詞,一般,*,*,*,*,サプライズ,サプライズ,サプライズ
造礁,1283,1283,4466,名詞,サ変接続,*,*,*,*,造礁,ゾウショウ,ゾーショー
筋トレ,1283,1283,4466,名詞,サ変接続,*,*,*,*,筋トレ,キントレ,キントレ
リクナビ,1292,1292,5122,名詞,固有名詞,組織,*,*,*,リクナビ,リクナビ,リクナビ
リノベーション,1283,1283,4466,名詞,サ変接続,*,*,*,*,リノベーション,リノベーション,リノベーション
アヒージョ,1285,1285,3639,名詞,一般,*,*,*,*,アヒージョ,アヒージョ,アヒージョ
キホン,1285,1285,3639,名詞,一般,*,*,*,*,キホン,キホン,キホン
リハウス,1283,1283,4466,名詞,サ変接続,*,*,*,*,リハウス,リハウス,リハウス
クチコミ,1285,1285,3639,名詞,一般,*,*,*,*,クチコミ,クチコミ,クチコミ
フリーランス,1285,1285,3639,名詞,一般,*,*,*,*,フリーランス,フリーランス,フリーランス
リーガル,1287,1287,5077,名詞,形容動詞語幹,*,*,*,*,リーガル,リーガル,リーガル
ノラネコ,1285,1285,3639,名詞,一般,*,*,*,*,ノラネコ,ノラネコ,ノラネコ
小涌園,1293,1293,8676,名詞,固有名詞,地域,一般,*,*,小涌園,コワキエン,コワキエン
外構,1285,1285,5622,名詞,一般,*,*,*,*,外構,ガイコウ,ガイコー
コンシェルジュ,1285,1285,3639,名詞,一般,*,*,*,*,コンシェルジュ,コンシェルジュ,コンシェルジュ
ナビゲーション,1283,1283,4466,名詞,サ変接続,*,*,*,*,ナビゲーション,ナビゲーション,ナビゲーション
スプレッド,1283,1283,4466,名詞,サ変接続,*,*,*,*,スプレッド,スプレッド,スプレッド
テイクアウト,1283,1283,4466,名詞,サ変接続,*,*,*,*,テイクアウト,テイクアウト,テイクアウト
レバレッジ,1283,1283,4466,名詞,サ変接続,*,*,*,*,レバレッジ,レバレッジ,レバレッジ
インスタグラム,1283,1283,4466,名詞,サ変接続,*,*,*,*,インスタグラム,インスタグラム,インスタグラム
ツイート,1283,1283,4466,名詞,サ変接続,*,*,*,*,ツイート,ツイート,ツイート
アクティビティ,1283,1283,4466,名詞,サ変接続,*,*,*,*,アクティビティ,アクティビティ,アクティビティ
コンプライアンス,1285,1285,3639,名詞,一般,*,*,*,*,コンプライアンス,コンプライアンス,コンプライアンス
ウェブ,1285,1285,3639,名詞,一般,*,*,*,*,ウェブ,ウェブ,ウェブ
ソーシャル,1285,1285,3639,名詞,一般,*,*,*,*,ソーシャル,ソーシャル,ソーシャル
クリエイター,1285,1285,3639,名詞,一般,*,*,*,*,クリエイター,クリエイター,クリエイター
ヤリス,1288,1288,3727,名詞,固有名詞,一般,*,*,*,ヤリス,ヤリス,ヤリス
アクア,1288,1288,3727,名詞,固有名詞,一般,*,*,*,アクア,アクア,アクア
メルマガ,1285,1285,3639,名詞,一般,*,*,*,*,メルマガ,メルマガ,メルマガ
ゼルビア,1285,1285,3639,名詞,一般,*,*,*,*,ゼルビア,ゼルビア,ゼルビア
ヤマダデンキ,1292,1292,5122,名詞,固有名詞,組織,*,*,*,ヤマダデンキ,ヤマダデンキ,ヤマダデンキ
ヤマダフーズ,1292,1292,5122,名詞,固有名詞,組織,*,*,*,ヤマダフーズ,ヤマダフーズ,ヤマダフーズ
ワタミ,1292,1292,5122,名詞,固有名詞,組織,*,*,*,ワタミ,ワタミ,ワタミ
マンスリー,1285,1285,3639,名詞,一般,*,*,*,*,マンスリー,マンスリー,マンスリー
ロジスティクス,1285,1285,3639,名詞,一般,*,*,*,*,ロジスティクス,ロジスティクス,ロジスティクス
ソリューションズ,1292,1292,5122,名詞,固有名詞,組織,*,*,*,ソリューションズ,ソリューションズ,ソリューションズ
サイバー,1285,1285,3639,名詞,一般,*,*,*,*,サイバー,サイバー,サイバー
ウィズダム,1285,1285,3639,名詞,一般,*,*,*,*,ウィズダム,ウィズダム,ウィズダム
シラバス,1285,1285,3639,名詞,一般,*,*,*,*,シラバス,シラバス,シラバス
ファンディング,1283,1283,4466,名詞,サ変接続,*,*,*,*,ファンディング,ファンディング,ファンディング
プレイ,1283,1283,4466,名詞,サ変接続,*,*,*,*,プレイ,プレイ,プレイ
ジェンダー,1285,1285,3639,名詞,一般,*,*,*,*,ジェンダー,ジェンダー,ジェンダー
外ヶ浜,1293,1293,8618,名詞,固有名詞,地域,一般,*,*,外ヶ浜,ソトガハマ,ソトガハマ
癒やす,731,731,7145,動詞,自立,*,*,五段・サ行,基本形,癒やす,イヤス,イヤス
癒やさ,733,733,7150,動詞,自立,*,*,五段・サ行,未然形,癒やす,イヤサ,イヤサ
癒やそ,732,732,7150,動詞,自立,*,*,五段・サ行,未然ウ接続,癒やす,イヤソ,イヤソ
癒やし,735,735,7127,動詞,自立,*,*,五段・サ行,連用形,癒やす,イヤシ,イヤシ
癒やせ,729,729,7150,動詞,自立,*,*,五段・サ行,仮定形,癒やす,イヤセ,イヤセ
癒やせ,734,734,7150,動詞,自立,*,*,五段・サ行,命令ｅ,癒やす,イヤセ,イヤセ
癒やしゃ,730,730,7150,動詞,自立,*,*,五段・サ行,仮定縮約１,癒やす,イヤシャ,イヤシャ
全日警,1292,1292,5122,名詞,固有名詞,組織,*,*,*,全日警,ゼンニッケイ,ゼンニッケイ
引取り,1285,1285,3639,名詞,一般,*,*,*,*,引取り,ヒキトリ,ヒキトリ
引取,1285,1285,3639,名詞,一般,*,*,*,*,引取,ヒキトリ,ヒキトリ
アクサ,1292,1292,5122,名詞,固有名詞,組織,*,*,*,アクサ,アクサ,アクサ
コードギアス,1288,1288,3727,名詞,固有名詞,一般,*,*,*,コードギアス,コードギアス,コードギアス
ルルーシュ,1288,1288,3727,名詞,固有名詞,一般,*,*,*,ルルーシュ,ルルーシュ,ルルーシュ
ピクシス,1288,1288,3727,名詞,固有名詞,一般,*,*,*,ピクシス,ピクシス,ピクシス
チョイス,1283,1283,4466,名詞,サ変接続,*,*,*,*,チョイス,チョイス,チョイス
ヘッジ,1288,1288,3727,名詞,固有名詞,一般,*,*,*,ヘッジ,ヘッジ,ヘッジ
ナビ,1283,1283,4466,名詞,サ変接続,*,*,*,*,ナビ,ナビ,ナビ
コーデ,1283,1283,4466,名詞,サ変接続,*,*,*,*,コーデ,コーデ,コーデ
アメダス,1288,1288,3727,名詞,固有名詞,一般,*,*,*,アメダス,アメダス,アメダス
プロパティー,1285,1285,3639,名詞,一般,*,*,*,*,プロパティー,プロパティー,プロパティー
プロパティ,1285,1285,3639,名詞,一般,*,*,*,*,プロパティ,プロパティ,プロパティ
ビュー,1285,1285,3639,名詞,一般,*,*,*,*,ビュー,ビュー,ビュー
タルト,1285,1285,3639,名詞,一般,*,*,*,*,タルト,タルト,タルト
ミカタ,1283,1283,4466,名詞,サ変接続,*,*,*,*,ミカタ,ミカタ,ミカタ
スゴイ,19,19,6856,形容詞,自立,*,*,形容詞・アウオ段,基本形,スゴイ,スゴイ,スゴイ
㈱,1285,1285,3690,名詞,一般,*,*,*,*,㈱,カブシキガイシャ,カブシキガイシャ
コーチ,1283,1283,16149,名詞,サ変接続,*,*,*,*,コーチ,コーチ,コーチ
ジオパーク,1293,1293,8676,名詞,固有名詞,地域,一般,*,*,ジオパーク,ジオパーク,ジオパーク
ライバー,1283,1283,16149,名詞,サ変接続,*,*,*,*,ライバー,ライバー,ライバー
ウェビナー,1283,1283,16149,名詞,サ変接続,*,*,*,*,ウェビナー,ウェビナー,ウェビナー
ワーケ―ション,1283,1283,16149,名詞,サ変接続,*,*,*,*,ワーケ―ション,ワーケ―ション,ワーケ―ション
ラグジュアリー,1287,1287,5077,名詞,形容動詞語幹,*,*,*,*,ラグジュアリー,ラグジュアリー,ラグジュアリー
バラエティ,1285,1285,3642,名詞,一般,*,*,*,*,バラエティ,バラエティ,バラエティ
コーチング,1283,1283,16149,名詞,サ変接続,*,*,*,*,コーチング,コーチング,コーチング
セラミド,1285,1285,3642,名詞,一般,*,*,*,*,セラミド,セラミド,セラミド
ココ,1306,1306,4960,名詞,代名詞,一般,*,*,*,ココ,ココ,ココ
コチラ,1306,1306,5128,名詞,代名詞,一般,*,*,*,コチラ,コチラ,コチラ
ディスタンス,1285,1285,3642,名詞,一般,*,*,*,*,ディスタンス,ディスタンス,ディスタンス
アルビレックス,1292,1292,5122,名詞,固有名詞,組織,*,*,*,アルビレックス,アルビレックス,アルビレックス
マイ,560,560,11166,接頭詞,名詞接続,*,*,*,*,マイ,マイ,マイ
アクセシビリティ,1285,1285,3642,名詞,一般,*,*,*,*,アクセシビリティ,アクセシビリティ,アクセシビリティ
オンデマンド,1285,1285,3652,名詞,一般,*,*,*,*,オンデマンド,オンデマンド,オンデマンド
ユナ,1291,1291,8349,名詞,固有名詞,人名,名,*,*,ユナ,ユナ,ユナ
ヒミツ,1285,1285,3242,名詞,一般,*,*,*,*,ヒミツ,ヒミツ,ヒミツ
トリートメント,1285,1285,3242,名詞,一般,*,*,*,*,トリートメント,トリートメント,トリートメント
払戻,1285,1285,5622,名詞,一般,*,*,*,*,払戻,ハライモドシ,ハライモドシ
スペック,1285,1285,3242,名詞,一般,*,*,*,*,スペック,スペック,スペック
テイスト,1285,1285,3242,名詞,一般,*,*,*,*,テイスト,テイスト,テイスト
マリアージュ,1285,1285,3242,名詞,一般,*,*,*,*,マリアージュ,マリアージュ,マリアージュ
サプリメント,1285,1285,3242,名詞,一般,*,*,*,*,サプリメント,サプリメント,サプリメント
ウチナーンチュ,1285,1285,3242,名詞,一般,*,*,*,*,ウチナーンチュ,ウチナーンチュ,ウチナーンチュ
ギモン,1287,1287,2460,名詞,形容動詞語幹,*,*,*,*,ギモン,ギモン,ギモン
パーソン,1285,1285,3242,名詞,一般,*,*,*,*,パーソン,パーソン,パーソン
ガバナンス,1285,1285,3242,名詞,一般,*,*,*,*,ガバナンス,ガバナンス,ガバナンス
フォロワー,1285,1285,3242,名詞,一般,*,*,*,*,フォロワー,フォロワー,フォロワー
宮嶌,1290,1290,7620,名詞,固有名詞,人名,姓,*,*,宮嶌,ミヤジマ,ミヤジマ
吐夢,1291,1291,8349,名詞,固有名詞,人名,名,*,*,吐夢,トム,トム
フォルダ,1285,1285,3242,名詞,一般,*,*,*,*,フォルダ,フォルダ,フォルダ
サステナブル,1287,1287,2460,名詞,形容動詞語幹,*,*,*,*,サステナブル,サステナブル,サステナブル
スタイリッシュ,1287,1287,2460,名詞,形容動詞語幹,*,*,*,*,スタイリッシュ,スタイリッシュ,スタイリッシュ
ゆにばーす,1288,1288,3727,名詞,固有名詞,一般,*,*,*,ゆにばーす,ユニバース,ユニバース
ワンフー,1292,1292,5122,名詞,固有名詞,組織,*,*,*,ワンフー,ワンフー,ワンフー
らーめん,1285,1285,3718,名詞,一般,*,*,*,*,ラーメン,ラーメン,ラーメン
スパ,1285,1285,3634,名詞,一般,*,*,*,*,スパ,スパ,スパ
ワーケーション,1283,1283,16149,名詞,サ変接続,*,*,*,*,ワーケーション,ワーケーション,ワーケーション
アウトソーシング,1283,1283,16149,名詞,サ変接続,*,*,*,*,アウトソーシング,アウトソーシング,アウトソーシング
ポスティング,1283,1283,16149,名詞,サ変接続,*,*,*,*,ポスティング,ポスティング,ポスティング
オプトアウト,1283,1283,16149,名詞,サ変接続,*,*,*,*,オプトアウト,オプトアウト,オプトアウト
アナリティクス,1285,1285,3634,名詞,一般,*,*,*,*,アナリティクス,アナリティクス,アナリティクス
コンドロイチン,1288,1288,3727,名詞,固有名詞,一般,*,*,*,コンドロイチン,コンドロイチン,コンドロイチン
フリガナ,1285,1285,7264,名詞,一般,*,*,*,*,フリガナ,フリガナ,フリガナ
ジューシー,1287,1287,2460,名詞,形容動詞語幹,*,*,*,*,ジューシー,ジューシー,ジューシー
シャローム,1292,1292,5122,名詞,固有名詞,組織,*,*,*,シャローム,シャローム,シャローム
慶應,1292,1292,5122,名詞,固有名詞,組織,*,*,*,慶應,ケイオウ,ケーオー
成牛,1285,1285,7264,名詞,一般,*,*,*,*,成牛,セイギュウ,セーギュー
畜頭,1285,1285,7264,名詞,一般,*,*,*,*,畜頭,チクトウ,チクトー
サブスク,1283,1283,4466,名詞,サ変接続,*,*,*,*,サブスク,サブスク,サブスク
ワイナリー,1285,1285,7264,名詞,一般,*,*,*,*,ワイナリー,ワイナリー,ワイナリー
ビアガーデン,1285,1285,7264,名詞,一般,*,*,*,*,ビアガーデン,ビアガーデン,ビアガーデン
レガシー,1287,1287,2460,名詞,形容動詞語幹,*,*,*,*,レガシー,レガシー,レガシー
アレコレ,1306,1306,6528,名詞,代名詞,一般,*,*,*,アレコレ,アレコレ,アレコレ
フリード,1288,1288,3727,名詞,固有名詞,一般,*,*,*,フリード,フリード,フリード
ナレッジ,1285,1285,7264,名詞,一般,*,*,*,*,ナレッジ,ナレッジ,ナレッジ
プロポリス,1285,1285,7264,名詞,一般,*,*,*,*,プロポリス,プロポリス,プロポリス
めいどりぃた,1292,1292,5122,名詞,固有名詞,組織,*,*,*,めいどりぃた,メンドリィタ,メンドリータ
りぃたくん,1289,1289,7438,名詞,固有名詞,人名,一般,*,*,りぃたくん,リィタクン,リータクン
パラ,560,560,8583,接頭詞,名詞接続,*,*,*,*,パラ,パラ,パラ
ホームメイト,1292,1292,5122,名詞,固有名詞,組織,*,*,*,ホームメイト,ホームメイト,ホームメイト
全ク連,1292,1292,5122,名詞,固有名詞,組織,*,*,*,全ク連,ゼンクレン,ゼンクレン
メンバーズ,1285,1285,7264,名詞,一般,*,*,*,*,メンバーズ,メンバーズ,メンバーズ
ソナエ,1285,1285,6241,名詞,一般,*,*,*,*,ソナエ,ソナエ,ソナエ
ブリーダー,1285,1285,3242,名詞,一般,*,*,*,*,ブリーダー,ブリーダー,ブリーダー
コバック,1292,1292,5122,名詞,固有名詞,組織,*,*,*,コバック,コバック,コバック
シウマイ,1285,1285,5622,名詞,一般,*,*,*,*,シウマイ,シウマイ,シウマイ,
ハック,1283,1283,16149,名詞,サ変接続,*,*,*,*,ハック,ハック,ハック
イロハ,1285,1285,7176,名詞,一般,*,*,*,*,イロハ,イロハ,イロハ
ハサウェイ,1289,1289,7438,名詞,固有名詞,人名,名,*,*,ハサウェイ,ハサウェイ,ハサウェイ
ホワイトニング,1283,1283,16149,名詞,サ変接続,*,*,*,*,ホワイトニング,ホワイトニング,ホワイトニング
スレッド,1285,1285,5622,名詞,一般,*,*,*,*,スレッド,スレッド,スレッド
ジェラート,1285,1285,5622,名詞,一般,*,*,*,*,ジェラート,ジェラート,ジェラート
ヒロセマン,1289,1289,7438,名詞,固有名詞,人名,一般,*,*,ヒロセマン,ヒロセマン,ヒロセマン
甜水,1285,1285,5622,名詞,一般,*,*,*,*,テンスイ,テンスイ,テンスイ
エビデンス,1285,1285,5622,名詞,一般,*,*,*,*,エビデンス,エビデンス,エビデンス
淹,5,5,4769,記号,一般,漢字,*,*,*,*,淹,エン,エン
ディストリビューション,1283,1283,16149,名詞,サ変接続,*,*,*,*,ディストリビューション,ディストリビューション,ディストリビューション,
東建,1292,1292,5122,名詞,固有名詞,組織,*,*,*,東建,トウケン,トーケン
フェスタ,1285,1285,7264,名詞,一般,*,*,*,*,フェスタ,フェスタ,フェスタ
ボット,1285,1285,7264,名詞,一般,*,*,*,*,ボット,ボット,ボット
鍼,5,5,4769,記号,一般,漢字,*,*,*,*,鍼,シン,シン
鍼,5,5,4769,記号,一般,漢字,*,*,*,*,鍼,ハリ,ハリ
ツーリズム,1285,1285,7264,名詞,一般,*,*,*,*,ツーリズム,ツーリズム,ツーリズム
ラーニング,1283,1283,16149,名詞,サ変接続,*,*,*,*,ラーニング,ラーニング,ラーニング
ホテルズ,1292,1292,8961,名詞,固有名詞,組織,*,*,*,ホテルズ,ホテルズ,ホテルズ
リピーター,1285,1285,7264,名詞,一般,*,*,*,*,リピーター,リピーター,リピーター
リポジトリ,1285,1285,7264,名詞,一般,*,*,*,*,リポジトリ,リポジトリ,リポジトリ
オトク,1287,1287,2460,名詞,形容動詞語幹,*,*,*,*,オトク,オトク,オトク
お得,1287,1287,2460,名詞,形容動詞語幹,*,*,*,*,お得,オトク,オトク
アニメイト,1292,1292,8961,名詞,固有名詞,組織,*,*,*,アニメイト,アニメイト,アニメイト
フィットネス,1285,1285,7264,名詞,一般,*,*,*,*,フィットネス,フィットネス,フィットネス
フェス,1285,1285,2187,名詞,一般,*,*,*,*,フェス,フェス,フェス
モテる,619,619,9282,動詞,自立,*,*,一段,基本形,モテる,モテル,モテル
モテ,622,622,9288,動詞,自立,*,*,一段,未然形,モテる,モテ,モテ
モテよ,621,621,9283,動詞,自立,*,*,一段,未然ウ接続,モテる,モテヨ,モテヨ
モテ,625,625,9288,動詞,自立,*,*,一段,連用形,モテる,モテ,モテ
モテれ,617,617,9283,動詞,自立,*,*,一段,仮定形,モテる,モテレ,モテレ
モテよ,624,624,9283,動詞,自立,*,*,一段,命令ｙｏ,モテる,モテヨ,モテヨ
モテろ,623,623,9283,動詞,自立,*,*,一段,命令ｒｏ,モテる,モテロ,モテロ
モテりゃ,618,618,9283,動詞,自立,*,*,一段,仮定縮約１,モテる,モテリャ,モテリャ
モテん,620,620,9283,動詞,自立,*,*,一段,体言接続特殊,モテる,モテン,モテン
マーカス,1292,1292,8961,名詞,固有名詞,組織,*,*,*,マーカス,マーカス,マーカス
ウーバーイーツ,1292,1292,8961,名詞,固有名詞,組織,*,*,*,ウーバーイーツ,ウーバーイーツ,ウーバーイーツ
たまご,1285,1285,3086,名詞,一般,*,*,*,*,たまご,タマゴ,タマゴ
おひさま,1285,1285,7265,名詞,一般,*,*,*,*,おひさま,オヒサマ,オヒサマ
にゃんこ,1285,1285,7265,名詞,一般,*,*,*,*,にゃんこ,ニャンコ,ニャンコ
ローンダリング,1283,1283,16149,名詞,サ変接続,*,*,*,*,ローンダリング,ローンダリング,ローンダリング
なかま,1285,1285,4863,名詞,一般,*,*,*,*,なかま,ナカマ,ナカマ
にゃん,3,3,5741,感動詞,*,*,*,*,*,にゃん,ニャン,ニャン
ニャン,3,3,5741,感動詞,*,*,*,*,*,ニャン,ニャン,ニャン
なまはげ,1285,1285,7265,名詞,一般,*,*,*,*,なまはげ,ナマハゲ,ナマハゲ
まごころ,1285,1285,5554,名詞,一般,*,*,*,*,まごころ,マゴコロ,マゴコロ
まほろば,1285,1285,5554,名詞,一般,*,*,*,*,まほろば,マホロバ,マホロバ
デイケア,1285,1285,3653,名詞,一般,*,*,*,*,デイケア,デイケア,デイケア
プリンシパル,1287,1287,2460,名詞,形容動詞語幹,*,*,*,*,プリンシパル,プリンシパル,プリンシパル
グレパラジオ,1288,1288,3727,名詞,固有名詞,一般,*,*,*,グレパラジオ,グレパラジオ,グレパラジオ
リパーク,1292,1292,8961,名詞,固有名詞,組織,*,*,*,リパーク,リパーク,リパーク
ホスピタリティ,1285,1285,3653,名詞,一般,*,*,*,*,ホスピタリティ,ホスピタリティ,ホスピタリティ
ブロガー,1285,1285,3653,名詞,一般,*,*,*,*,ブロガー,ブロガー,ブロガー
ニオイ,1285,1285,5925,名詞,一般,*,*,*,*,ニオイ,ニオイ,ニオイ
テク,1285,1285,5925,名詞,一般,*,*,*,*,テク,テク,テク
リボ,1285,1285,5925,名詞,一般,*,*,*,*,リボ,リボ,リボ
ペイジー,1285,1285,5925,名詞,一般,*,*,*,*,ペイジー,ペイジー,ペイジー
カスタマー,1285,1285,5925,名詞,一般,*,*,*,*,カスタマー,カスタマー,カスタマー
カブキ,1293,1293,11354,名詞,固有名詞,地域,一般,*,*,カブキ,カブキ,カブキ
ジオグラフィック,1285,1285,5925,名詞,一般,*,*,*,*,ジオグラフィック,ジオグラフィック,ジオグラフィック
ネッツ,1292,1292,8961,名詞,固有名詞,組織,*,*,*,ネッツ,ネッツ,ネッツ
メタックス,1292,1292,8961,名詞,固有名詞,組織,*,*,*,メタックス,メタックス,メタックス
パートナーズ,1285,1285,5925,名詞,一般,*,*,*,*,パートナーズ,パートナーズ,パートナーズ
従量,1285,1285,5925,名詞,一般,*,*,*,*,従量,ジュウリョウ,ジューリョー
鈑金,1283,1283,7400,名詞,サ変接続,*,*,*,*,鈑金,バンキン,バンキン
リボルビング,1283,1283,16149,名詞,サ変接続,*,*,*,*,リボルビング,リボルビング,リボルビング
パチンコ,1285,1285,3593,名詞,サ変接続,*,*,*,*,パチンコ,パチンコ,パチンコ
パチスロ,1285,1285,3593,名詞,サ変接続,*,*,*,*,パチスロ,パチスロ,パチスロ
ポニー,1285,1285,5925,名詞,一般,*,*,*,*,ポニー,ポニー,ポニー
リハプライド,1292,1292,8961,名詞,固有名詞,組織,*,*,*,リハプライド,リハプライド,リハプライド
メモリード,1292,1292,8961,名詞,固有名詞,組織,*,*,*,メモリード,メモリード,メモリード
試着,1283,1283,7400,名詞,サ変接続,*,*,*,*,試着,シチャク,シチャク
星槎,1292,1292,8961,名詞,固有名詞,組織,*,*,*,セイサ,セイサ
一括払,1283,1283,7400,名詞,サ変接続,*,*,*,*,一括払,イッカツバライ,イッカツバライ
分割払,1283,1283,7400,名詞,サ変接続,*,*,*,*,分割払,ブンカツバライ,ブンカツバライ
リボ払,1283,1283,7400,名詞,サ変接続,*,*,*,*,分割払,リボバライ,リボバライ
置場,1285,1285,5925,名詞,一般,*,*,*,*,置場,オキバ,オキバ
を以って,248,248,5072,助詞,格助詞,連語,*,*,*,を以って,ヲモッテ,ヲモッテ
税抜,1285,1285,5925,名詞,一般,*,*,*,*,税抜,ゼイヌキ,ゼーヌキ
中隔,1285,1285,5925,名詞,一般,*,*,*,*,中隔,チュウカク,チューカク
回払,1300,1300,7597,名詞,接尾,助数詞,*,*,*,回払,カイバライ,カイバライ
三交,1292,1292,8961,名詞,固有名詞,組織,*,*,*,三交,サンコウ,サンコー
南薩,1293,1293,8961,名詞,固有名詞,地域,一般,*,*,南薩,ナンサツ,ナンサツ
幽☆遊☆白書,1288,1288,8961,名詞,固有名詞,一般,*,*,*,幽☆遊☆白書,ユウユウハクショ,ユーユーハクショ
東坡煮,1288,1288,8961,名詞,固有名詞,一般,*,*,*,東坡煮,トウバニ,トーバニ
就園,1285,1285,8961,名詞,サ変接続,*,*,*,*,就園,シュウエン,シューエン
米菓,1285,1285,8961,名詞,一般,*,*,*,*,米菓,ベイカ,ベーカ
元請,1285,1285,8961,名詞,一般,*,*,*,*,元請,モトウケ,モトウケ
低侵襲,1285,1285,8961,名詞,一般,*,*,*,*,低侵襲,テイシンシュウ,テーシンシュー
にいやま,1293,1293,8961,名詞,固有名詞,地域,一般,*,*,にいやま,ニイヤマ,ニーヤマ
やまなし,1293,1293,8961,名詞,固有名詞,地域,一般,*,*,やまなし,ヤマナシ,ヤマナシ
おかやま,1293,1293,8961,名詞,固有名詞,地域,一般,*,*,おかやま,オカヤマ,オカヤマ
やまぐち,1293,1293,8961,名詞,固有名詞,地域,一般,*,*,やまぐち,ヤマグチ,ヤマグチ
やまがた,1293,1293,8961,名詞,固有名詞,地域,一般,*,*,やまがた,ヤマガタ,ヤマガタ
とやま,1293,1293,8961,名詞,固有名詞,地域,一般,*,*,とやま,トヤマ,トヤマ
あいち,1293,1293,8961,名詞,固有名詞,地域,一般,*,*,あいち,アイチ,アイチ
あおもり,1293,1293,8961,名詞,固有名詞,地域,一般,*,*,あおもり,アオモリ,アオモリ
とちぎ,1293,1293,8961,名詞,固有名詞,地域,一般,*,*,とちぎ,トチギ,トチギ
ふくしま,1293,1293,8961,名詞,固有名詞,地域,一般,*,*,ふくしま,フクシマ,フクシマ
みやざき,1293,1293,8961,名詞,固有名詞,地域,一般,*,*,みやざき,ミヤザキ,ミヤザキ
ぎふ,1293,1293,8961,名詞,固有名詞,地域,一般,*,*,ぎふ,ギフ,ギフ
さやま,1293,1293,8961,名詞,固有名詞,地域,一般,*,*,さやま,サヤマ,サヤマ
くまざわ,1293,1293,8961,名詞,固有名詞,地域,一般,*,*,くまざわ,クマザワ,クマザワ
いいやま,1293,1293,8961,名詞,固有名詞,地域,一般,*,*,いいやま,イイヤマ,イーヤマ
よこはま,1293,1293,8961,名詞,固有名詞,地域,一般,*,*,よこはま,ヨコハマ,ヨコハマ
ところざわ,1293,1293,8961,名詞,固有名詞,地域,一般,*,*,ところざわ,トコロザワ,トコロザワ
たじま,1293,1293,8961,名詞,固有名詞,地域,一般,*,*,たじま,タジマ,タジマ
いいづな,1293,1293,8961,名詞,固有名詞,地域,一般,*,*,いいづな,イイヅナ,イイヅナ
ぬまづ,1293,1293,8961,名詞,固有名詞,地域,一般,*,*,ぬまづ,ヌマヅ,ヌマヅ
おびひろ,1293,1293,8961,名詞,固有名詞,地域,一般,*,*,おびひろ,オビヒロ,オビヒロ
デンタル,1285,1285,8961,名詞,一般,*,*,*,*,デンタル,デンタル,デンタル
あおぞら,1285,1285,8961,名詞,一般,*,*,*,*,あおぞら,アオゾラ,アオゾラ
ピア,1293,1293,8961,名詞,固有名詞,地域,一般,*,*,ピア,ピア,ピア
ビューティ,1285,1285,8961,名詞,一般,*,*,*,*,ビューティ,ビューティ,ビューティ
カレールウ,1285,1285,8961,名詞,一般,*,*,*,*,カレールウ,カレールウ,カレールー
カレールー,1285,1285,8961,名詞,一般,*,*,*,*,カレールー,カレールー,カレールー
コミュニケーションズ,1292,1292,8961,名詞,固有名詞,組織,*,*,*,コミュニケーションズ,コミュニケーションズ,コミュニケーションズ
チャツネ,1285,1285,8961,名詞,一般,*,*,*,*,チャツネ,チャツネ,チャツネ
ラクマス,1288,1288,8961,名詞,固有名詞,一般,*,*,*,ラクマス,ラクマス,ラクマス
エシカル,1287,1287,2460,名詞,形容動詞語幹,*,*,*,*,エシカル,エシカル,エシカル
キャニオニング,1283,1283,16149,名詞,サ変接続,*,*,*,*,キャニオニング,キャニオニング,キャニオニング
ソユー,1292,1292,8961,名詞,固有名詞,組織,*,*,*,ソユー,ソユー,ソユー
ヴィア,1292,1292,8961,名詞,固有名詞,組織,*,*,*,ヴィア,ヴィア,ヴィア
モト,560,560,8583,接頭詞,名詞接続,*,*,*,*,モト,モト,モト
ソシエ,1292,1292,8961,名詞,固有名詞,組織,*,*,*,ソシエ,ソシエ,ソシエ
オリガミ,1283,1283,4465,名詞,サ変接続,*,*,*,*,オリガミ,オリガミ,オリガミ
アンバサダー,1285,1285,8961,名詞,一般,*,*,*,*,アンバサダー,アンバサダー,アンバサダー
スワイプ,1283,1283,4465,名詞,サ変接続,*,*,*,*,スワイプ,スワイプ,スワイプ
レジェンズ,1288,1288,8961,名詞,固有名詞,一般,*,*,*,レジェンズ,レジェンズ,レジェンズ
エクステリア,1288,1288,8961,名詞,固有名詞,一般,*,*,*,エクステリア,エクステリア,エクステリア
スライム,1288,1288,8961,名詞,固有名詞,一般,*,*,*,スライム,スライム,スライム
ウォルト,1292,1292,8961,名詞,固有名詞,組織,*,*,*,ウォルト,ウォルト,ウォルト
リノベ,1283,1283,8961,名詞,サ変接続,*,*,*,*,リノベ,リノベ,リノベ
フッター,1285,1285,8961,名詞,一般,*,*,*,*,フッター,フッター,フッター
セラピスト,1285,1285,8961,名詞,一般,*,*,*,*,セラピスト,セラピスト,セラピスト
催行,1283,1283,8961,名詞,サ変接続,*,*,*,*,催行,サイコウ,サイコー
㎡,1300,1300,8570,名詞,接尾,助数詞,*,*,*,㎡,ヘイホウメートル,ヘイホーメートル
仙臺,1292,1292,8961,名詞,固有名詞,組織,*,*,*,仙臺,センダイ,センダイ
利久,1291,1291,8461,名詞,固有名詞,人名,一般,*,*,利久,リキュウ,リキュー
星槎,1292,1292,8961,名詞,固有名詞,組織,*,*,*,星槎,セイサク,セーサク
楽惑,1292,1292,8961,名詞,固有名詞,組織,*,*,*,楽惑,ラクワク,ラクワク
諫早,1293,1293,8961,名詞,固有名詞,地域,一般,*,*,諫早,イサハヤ,イサハヤ
多胞体,1285,1285,8961,名詞,一般,*,*,*,*,多胞体,タホウタイ,タホータイ
筑西,1293,1293,8961,名詞,固有名詞,地域,一般,*,*,筑西,チクセイ,チクセー
備北,1293,1293,8961,名詞,固有名詞,地域,一般,*,*,備北,ビホク,ビホク
さざなみ,1285,1285,7265,名詞,一般,*,*,*,*,さざなみ,サザナミ,サザナミ
さぎり,1285,1285,5622,名詞,一般,*,*,*,*,さぎり,サギリ,サギリ
ゆうえん,1293,1293,8961,名詞,固有名詞,地域,一般,*,*,ゆうえん,ユウエン,ユーエン
すやま,1292,1292,8961,名詞,固有名詞,組織,*,*,*,すやま,スヤマ,スヤマ
ジャージ,1285,1285,3632,名詞,一般,*,*,*,*,ジャージ,ジャージ,ジャージ
ライフティ,1292,1292,8961,名詞,固有名詞,組織,*,*,*,ライフティ,ライフティ,ライフティ
リージョナル,1287,1287,2460,名詞,形容動詞語幹,*,*,*,*,リージョナル,リージョナル,リージョナル
ファミレス,1285,1285,3632,名詞,一般,*,*,*,*,ファミレス,ファミレス,ファミレス
マックスバリュ,1292,1292,8961,名詞,固有名詞,組織,*,*,*,マックスバリュ,マックスバリュ,マックスバリュ
ファイヤーボンズ,1292,1292,8961,名詞,固有名詞,組織,*,*,*,ファイヤーボンズ,ファイヤーボンズ,ファイヤーボンズ
エコシルフィ,1288,1288,8961,名詞,固有名詞,一般,*,*,*,エコシルフィ,エコシルフィ,エコシルフィ
リアエアサス,1285,1285,8961,名詞,一般,*,*,*,*,リアエアサス,リアエアサス,リアエアサス
ビートル,1288,1288,8961,名詞,固有名詞,一般,*,*,*,ビートル,ビートル,ビートル
はてブ,1288,1288,8961,名詞,固有名詞,一般,*,*,*,はてブ,ハテブ,ハテブ
オドル,772,772,9267,動詞,自立,*,*,五段・ラ行,基本形,オドル,オドル,オドル
羊ケ丘,1293,1293,8961,名詞,固有名詞,地域,一般,*,*,羊ケ丘,ヒツジガオカ,ヒツジガオカ
羊ヶ丘,1293,1293,8961,名詞,固有名詞,地域,一般,*,*,羊ヶ丘,ヒツジガオカ,ヒツジガオカ
レセプト,1285,1285,8961,名詞,一般,*,*,*,*,レセプト,レセプト,レセプト
トカラ,1293,1293,8961,名詞,固有名詞,地域,一般,*,*,トカラ,トカラ,トカラ
ゲンダイ,1292,1292,6849,名詞,固有名詞,組織,*,*,*,ゲンダイ,ゲンダイ,ゲンダイ
エクシブ,1292,1292,8961,名詞,固有名詞,組織,*,*,*,エクシブ,エクシブ,エクシブ
ウェルキャブ,1288,1288,8961,名詞,固有名詞,一般,*,*,*,ウェルキャブ,ウェルキャブ,ウェルキャブ
プレサンス,1292,1292,8961,名詞,固有名詞,組織,*,*,*,プレサンス,プレサンス,プレサンス
ロペピクニック,1292,1292,8961,名詞,固有名詞,組織,*,*,*,ロペピクニック,ロペピクニック,ロペピクニック
セキュア,1287,1287,8961,名詞,形容動詞語幹,*,*,*,*,セキュア,セキュア,セキュア
アフィリエイト,1285,1285,8961,名詞,一般,*,*,*,*,アフィリエイト,アフィリエイト,アフィリエイト
パラリーガル,1285,1285,8961,名詞,一般,*,*,*,*,パラリーガル,パラリーガル,パラリーガル
サロベツ,1293,1293,8961,名詞,固有名詞,地域,一般,*,*,サロベツ,サロベツ,サロベツ
ホテルリソル,1292,1292,8961,名詞,固有名詞,組織,*,*,*,ホテルリソル,ホテルリソル,ホテルリソル
ローヴァーズ,1292,1292,8961,名詞,固有名詞,組織,*,*,*,ローヴァーズ,ローヴァーズ,ローヴァーズ
シーニックバイウェイ,1292,1292,8961,名詞,固有名詞,組織,*,*,*,シーニックバイウェイ,シーニックバイウェイ,シーニックバイウェイ
リソル,1292,1292,8961,名詞,固有名詞,組織,*,*,*,リソル,リソル,リソル
ジェネリック,1287,1287,8961,名詞,形容動詞語幹,*,*,*,*,ジェネリック,ジェネリック,ジェネリック
ビジター,1285,1285,8961,名詞,一般,*,*,*,*,ビジター,ビジター,ビジター
プリウス,1288,1288,8961,名詞,固有名詞,一般,*,*,*,プリウス,プリウス,プリウス
インスタ,1283,1283,8961,名詞,サ変接続,*,*,*,*,インスタ,インスタ,インスタ
プライマリ,1287,1287,8961,名詞,形容動詞語幹,*,*,*,*,プライマリ,プライマリ,プライマリ
ターゲティング,1283,1283,8961,名詞,サ変接続,*,*,*,*,ターゲティング,ターゲティング,ターゲティング
ツイッター,1283,1283,8961,名詞,サ変接続,*,*,*,*,ツイッター,ツイッター,ツイッター
シネマズ,1292,1292,8961,名詞,固有名詞,組織,*,*,*,シネマズ,シネマズ,シネマズ
吹出,1285,1285,8961,名詞,一般,*,*,*,*,吹出,フキダシ,フキダシ
加圧,1283,1283,8961,名詞,サ変接続,*,*,*,*,加圧,カアツ,カアツ
移換,1283,1283,8961,名詞,サ変接続,*,*,*,*,移換,イカン,イカン
粧業,1292,1292,8961,名詞,固有名詞,組織,*,*,*,粧業,ショウギョウ,ショーギョー
弐,1295,1295,8961,名詞,数,*,*,*,*,弐,ニ,ニ
炎炎ノ消防隊,1288,1288,8961,名詞,固有名詞,一般,*,*,*,炎炎ノ消防隊,エンエンノショウボウタイ,絵ンエンノショーボータイ
耐候,1285,1285,8961,名詞,一般,*,*,*,*,耐候,タイコウ,タイコー
溪谷,1285,1285,8961,名詞,一般,*,*,*,*,溪谷,ケイコク,ケーコク
花びし,1292,1292,8961,名詞,固有名詞,組織,*,*,*,花びし,ハナビシ,ハナビシ
らぁ麺,1292,1292,8961,名詞,固有名詞,組織,*,*,*,らぁ麺,ラァメン,ラーメン
づつ,1298,1298,10876,名詞,接尾,一般,*,*,*,づつ,ヅツ,ヅツ
みづの,1292,1292,8961,名詞,固有名詞,組織,*,*,*,みづの,ミヅノ,ミヅノ
りゅーとぴあ,1293,1293,8961,名詞,固有名詞,地域,一般,*,*,りゅーとぴあ,リュートピア,リュートピア
カウネット,1292,1292,8961,名詞,固有名詞,組織,*,*,*,カウネット,カウネット,カウネット
プロダクツ,1292,1292,8961,名詞,固有名詞,組織,*,*,*,プロダクツ,プロダクツ,プロダクツ
リゾーツ,1292,1292,8961,名詞,固有名詞,組織,*,*,*,リゾーツ,リゾーツ,リゾーツ
エンデューロ,1292,1292,8961,名詞,固有名詞,組織,*,*,*,エンデューロ,エンデューロ,エンデューロ
マエストロ,1285,1285,8961,名詞,一般,*,*,*,*,マエストロ,マエストロ,マエストロ
あいおい,1292,1292,8961,名詞,固有名詞,組織,*,*,*,あいおい,アイオイ,アイオイ
ニッセイ,1292,1292,8961,名詞,固有名詞,組織,*,*,*,ニッセイ,ニッセイ,ニッセイ
ケイアイスター,1292,1292,8961,名詞,固有名詞,組織,*,*,*,ケイアイスター,ケイアイスター,ケイアイスター
プラクティス,1283,1283,8961,名詞,サ変接続,*,*,*,*,プラクティス,プラクティス,プラクティス
トゥエンティー,1292,1292,8961,名詞,固有名詞,組織,*,*,*,トゥエンティー,トゥエンティー,トゥエンティー
フォー,1292,1292,8961,名詞,固有名詞,組織,*,*,*,フォー,フォー,フォー
セブン,1292,1292,8961,名詞,固有名詞,組織,*,*,*,セブン,セブン,セブン
ワークアウト,1285,1285,8961,名詞,一般,*,*,*,*,ワークアウト,ワークアウト,ワークアウト
ボルサリーノ,1292,1292,8961,名詞,固有名詞,組織,*,*,*,ボルサリーノ,ボルサリーノ,ボルサリーノ
カーニヴァル,1285,1285,8961,名詞,一般,*,*,*,*,カーニヴァル,カーニヴァル,カーニヴァル
シーズ,1285,1285,8961,名詞,一般,*,*,*,*,シーズ,シーズ,シーズ
デンプン,1285,1285,7265,名詞,一般,*,*,*,*,デンプン,デンプン,デンプン
グランフロント,1293,1293,8961,名詞,固有名詞,地域,一般,*,*,グランフロント,グランフロント,グランフロント
コエンザイム,1288,1288,8961,名詞,固有名詞,一般,*,*,*,コエンザイム,コエンザイム,コエンザイム
イクメン,1285,1285,8961,名詞,一般,*,*,*,*,イクメン,イクメン,イクメン
プラド,1288,1288,8961,名詞,固有名詞,一般,*,*,*,プラド,プラド,プラド
ニッカ,1285,1285,8961,名詞,一般,*,*,*,*,ニッカ,ニッカ,ニッカ
あわあわ,1281,1281,8961,副詞,一般,*,*,*,*,あわあわ,アワアワ,アワアワ
百合ヶ丘,1293,1293,8961,名詞,固有名詞,地域,一般,*,*,百合ヶ丘,ユリガオカ,ユリガオカ
ブラウジング,1283,1283,8961,名詞,サ変接続,*,*,*,*,ブラウジング,ブラウジング,ブラウジング
エクスペリエンス,1285,1285,8961,名詞,一般,*,*,*,*,エクスペリエンス,エクスペリエンス,エクスペリエンス
ディープ,1287,1287,8961,名詞,形容動詞語幹,*,*,*,*,ディープ,ディープ,ディープ
ドロー,1285,1285,8961,名詞,一般,*,*,*,*,ドロー,ドロー,ドロー
エステティック,1287,1287,8961,名詞,形容動詞語幹,*,*,*,*,エステティック,エステティック,エステティック
モビリティ,1285,1285,8961,名詞,一般,*,*,*,*,モビリティ,モビリティ,モビリティ
オーガニック,1285,1285,8961,名詞,一般,*,*,*,*,オーガニック,オーガニック,オーガニック
ニュートラル,1287,1287,8961,名詞,形容動詞語幹,*,*,*,*,ニュートラル,ニュートラル,ニュートラル
コネクタ,1285,1285,8961,名詞,一般,*,*,*,*,コネクタ,コネクタ,コネクタ
アウトレット,1292,1292,8961,名詞,固有名詞,組織,*,*,*,アウトレット,アウトレット,アウトレット
ニコス,1292,1292,8961,名詞,固有名詞,組織,*,*,*,ニコス,ニコス,ニコス
プレイス,1292,1292,8961,名詞,固有名詞,組織,*,*,*,プレイス,プレイス,プレイス
サイネージ,1285,1285,8961,名詞,一般,*,*,*,*,サイネージ,サイネージ,サイネージ
かんぶつ,1285,1285,8961,名詞,一般,*,*,*,*,かんぶつ,カンブツ,カンブツ
ガイナ,1292,1292,8961,名詞,固有名詞,組織,*,*,*,ガイナ,ガイナ,ガイナ
エイブル,1292,1292,8961,名詞,固有名詞,組織,*,*,*,エイブル,エイブル,エイブル
ナビゲート,1283,1283,8961,名詞,サ変接続,*,*,*,*,ナビゲート,ナビゲート,ナビゲート
インテックス,1292,1292,8961,名詞,固有名詞,組織,*,*,*,インテックス,インテックス,インテックス
パッソ,1288,1288,8961,名詞,固有名詞,一般,*,*,*,パッソ,パッソ,パッソ
タカシマヤ,1292,1292,8961,名詞,固有名詞,組織,*,*,*,タカシマヤ,タカシマヤ,タカシマヤ
カーブス,1292,1292,8961,名詞,固有名詞,組織,*,*,*,カーブス,カーブス,カーブス
オークラ,1292,1292,8961,名詞,固有名詞,組織,*,*,*,オークラ,オークラ,オークラ
タイタン,1288,1288,8961,名詞,固有名詞,一般,*,*,*,タイタン,タイタン,タイタン
キタハマ,1292,1292,8961,名詞,固有名詞,組織,*,*,*,キタハマ,キタハマ,キタハマ
一人,1285,1285,2976,名詞,一般,*,*,*,*,一人,ヒトリ,ヒトリ
無添,1292,1292,8961,名詞,固有名詞,組織,*,*,*,無添,ムテン,ムテン
くら寿司,1292,1292,8961,名詞,固有名詞,組織,*,*,*,くら寿司,クラズシ,クラズシ
植栽,1283,1283,8961,名詞,サ変接続,*,*,*,*,植栽,ショクサイ,ショクサイ
恭嗣,1291,1291,8961,名詞,固有名詞,人名,名,*,*,恭嗣,ヤスツグ,ヤスツグ
応相談,1285,1285,8961,名詞,一般,*,*,*,*,応相談,オウソウダン,オーソーダン
構法,1285,1285,8961,名詞,一般,*,*,*,*,構法,コウホウ,コーホー
補助金,1298,1298,9278,名詞,一般,*,*,*,*,補助金,ホジョキン,ホジョキン
鴎州,1292,1292,8961,名詞,固有名詞,組織,*,*,*,オウシュウ,オーシュー
中文,1298,1298,9278,名詞,一般,*,*,*,*,中文,チュウブン,チューブン
引落,1283,1283,9278,名詞,サ変接続,*,*,*,*,引落,ヒキオトシ,ヒキオトシ
併習,1283,1283,9278,名詞,サ変接続,*,*,*,*,併習,ヘイシュウ,ヘイシュー
友奈,1291,1291,8961,名詞,固有名詞,人名,名,*,*,友奈,ユナ,ユナ
耐,560,560,8961,接頭詞,名詞接続,*,*,*,*,耐,タイ,タイ
琉神,1288,1288,8961,名詞,固有名詞,一般,*,*,*,琉神,リュウジン,リュージン
ようちえん,1285,1285,8961,名詞,一般,*,*,*,*,ようちえん,ヨウチエン,ヨーチエン
ぬりえ,1285,1285,8961,名詞,一般,*,*,*,*,ぬりえ,ヌリエ,ヌリエ
みやび,1287,1287,8961,名詞,形容動詞語幹,*,*,*,*,みやび,ミヤビ,ミヤビ
ことこと,1281,1281,8961,副詞,一般,*,*,*,*,ことこと,コトコト,コトコト
えきなか,1285,1285,8961,名詞,一般,*,*,*,*,えきなか,エキナカ,エキナカ
はぴねす,1285,1285,8961,名詞,一般,*,*,*,*,はぴねす,ハピネス,ハピネス
きたゆざわ,1292,1292,8961,名詞,固有名詞,組織,*,*,*,きたゆざわ,キタユザワ,キタユザワ
フレッツ,1288,1288,8961,名詞,固有名詞,一般,*,*,*,フレッツ,フレッツ,フレッツ
キャットフード,1285,1285,8196,名詞,一般,*,*,*,*,キャットフード,キャットフード,キャットフード
シーガルズ,1292,1292,8961,名詞,固有名詞,組織,*,*,*,シーガルズ,シーガルズ,シーガルズ
ディレクターズ,1285,1285,8196,名詞,一般,*,*,*,*,ディレクターズ,ディレクターズ,ディレクターズ
メーハク,1292,1292,8961,名詞,固有名詞,組織,*,*,*,メーハク,メーハク,メーハク
ピョンガン,1291,1291,8961,名詞,固有名詞,人名,名,*,*,ピョンガン,ピョンガン,ピョンガン
サクサ,1292,1292,8961,名詞,固有名詞,組織,*,*,*,サクサ,サクサ,サクサ
チャリロト,1292,1292,8961,名詞,固有名詞,組織,*,*,*,チャリロト,チャリロト,チャリロト
コスメティクス,1292,1292,8961,名詞,固有名詞,組織,*,*,*,コスメティクス,コスメティクス,コスメティクス
クエン酸,1285,1285,8196,名詞,一般,*,*,*,*,クエン酸,クエンサン,クエンサン
ムビチケ,1288,1288,8961,名詞,固有名詞,一般,*,*,*,ムビチケ,ムビチケ,ムビチケ
ネムリウム,1288,1288,8961,名詞,固有名詞,一般,*,*,*,ネムリウム,ネムリウム,ネムリウム
パッシブ,1287,1287,8961,名詞,形容動詞語幹,*,*,*,*,パッシブ,パッシブ,パッシブ
ヌーラボ,1292,1292,8961,名詞,固有名詞,組織,*,*,*,ヌーラボ,ヌーラボ,ヌーラボ
イメージング,1283,1283,9278,名詞,サ変接続,*,*,*,*,イメージング,イメージング,イメージング
ルーター,1285,1285,8196,名詞,一般,*,*,*,*,ルーター,ルーター,ルーター
マインドフルネス,1285,1285,8196,名詞,一般,*,*,*,*,マインドフルネス,マインドフルネス,マインドフルネス
ラクラク,1281,1281,8961,副詞,一般,*,*,*,*,ラクラク,ラクラク,ラクラク
マセラティ,1288,1288,8961,名詞,固有名詞,一般,*,*,*,マセラティ,マセラティ,マセラティ
ジビエ,1285,1285,8196,名詞,一般,*,*,*,*,ジビエ,ジビエ,ジビエ
チワワ,1285,1285,8196,名詞,一般,*,*,*,*,チワワ,チワワ,チワワ
アマニ,1285,1285,8196,名詞,一般,*,*,*,*,アマニ,アマニ,アマニ
ミツカン,1292,1292,8961,名詞,固有名詞,組織,*,*,*,ミツカン,ミツカン,ミツカン
ニューコ・ワン,1292,1292,8961,名詞,固有名詞,組織,*,*,*,ニューコ・ワン,ニューコ・ワン,ニューコ・ワン
だより,1298,1298,10876,名詞,接尾,一般,*,*,*,だより,ダヨリ,ダヨリ
トイサブ,1292,1292,8961,名詞,固有名詞,組織,*,*,*,トイサブ,トイサブ,トイサブ
タテマチ,1293,1293,8684,名詞,固有名詞,地域,一般,*,*,*タテマチ,タテマチ,タテマチ
ヘリセン,1285,1285,8196,名詞,一般,*,*,*,*,ヘリセン,ヘリセン,ヘリセン
マリノア,1292,1292,8961,名詞,固有名詞,組織,*,*,*,マリノア,マリノア,マリノア
ベラジョン,1292,1292,8961,名詞,固有名詞,組織,*,*,*,ベラジョン,ベラジョン,ベラジョン
